title,label,category_name,article_content,article_date,TOPIC
ما حقيقة مقتل اللاجئ العراقي سلوان موميكا في النرويج؟,fake,كذب,"
",,Politics
الفيديو قديم وليس لفلسطينيين يزيفون جنازة لجذب انتباه وسائل الإعلام,fake,كذب,"
",الخميس 14 كانون أول 2023,Politics
الصورة قديمة وليست لفتاة قامت بدهس حبيبها السابق في القامشلي,fake,كذب,"
",الخميس 03 آب 2023,Politics
هل ستعيد KfC افتتاح فروعاً لها في سوريا مجدداً؟,fake,كذب,"
",الأربعاء 19 نيسان 2023,Politics
هل أشاد ليونيل ميسي بمستوى اللاعب السوري عمر السومة؟,fake,كذب,"
",الأحد 22 كانون ثاني 2023,Politics
"هل أدان ""الاتحاد العالمي لعلماء المسلمين"" الاعتداء على رجال الأمن في إيران؟",fake,كذب,"
",السبت 05 تشرين ثاني 2022,Politics
هل نفت لونا الشبل دعم النظام السوري لـ راجي فلحوط في السويداء؟,fake,كذب,"
",الأربعاء 27 تموز 2022,Politics
"ما حقيقة تعليق ""أبو تريكة"" على مقتل شيرين أبو عاقلة؟",fake,كذب,"
",الخميس 12 أيار 2022,Politics
هل تُظهر هذه الصورة جثث من الجيش الروسي على شكل حرف Z في أوكرانيا؟,fake,كذب,"
",الأحد 13 آذار 2022,Politics
هل شبهت مجلة التايم الأمريكية بوتين بهتلر في غلاف عددها الجديد؟,fake,كذب,"
",الاثنين 28 شباط 2022,Politics
هل تحدث ليوناردو دي كابريو عن الطفل ريان مقارناً إياه بالمشردين في أمريكا؟,fake,كذب,"
",الخميس 10 شباط 2022,Politics
هل حصل جورج قرداحي على مكافأة نهاية خدمة مليونية من MBC؟,fake,كذب,"
",الخميس 18 تشرين ثاني 2021,Politics
"هل صرح المتحدث باسم الرئيس التركي بأن بقاء الأسد بات أمراً محتوماً وتركيا تعجز عن مواجهة ""الجيش السوري""؟",fake,كذب,"
",الأحد 03 تشرين أول 2021,Politics
"هل قال رئيس برلمان النظام السوري إنَّ ""ربطة خبر واحدة تكفي باليوم""؟",fake,كذب,"
",الثلاثاء 31 آب 2021,Politics
"هل قال خبير اقتصادي أمريكي إن ""سوريا فيها ثروات تكفي لعيش 80 مليون نسمة""؟",fake,كذب,"
",الجمعة 23 تموز 2021,Politics
القضاء الفرنسي لم يفرج عن الشاب الذي صفع وجه ماكرون,fake,كذب,"
",الخميس 10 حزيران 2021,Politics
هل قتل عناصر من الجيش التركي نتيجة انفجار لغمين في ريف الحسكة مؤخراً؟,fake,كذب,"
",الأربعاء 07 نيسان 2021,Politics
هل رفض محافظ اللاذقية طلب تنظيم وقفة احتجاجية ضد السياسات الحكومية في سوريا؟,fake,كذب,"
",السبت 13 شباط 2021,Politics
هل وزع الممثل الهندي عامر خان مبالغ مالية على الفقراء داخل أكياس طحين؟,fake,كذب,"
",الاثنين 11 كانون ثاني 2021,Politics
ما حقيقة إصدار قطر قانوناً يمنع ركوب السيارات من موديل 2006 وما قبل؟,fake,كذب,"
",الجمعة 30 تشرين أول 2020,Politics
الإعلامي مروان صواف حي يرزق ولا صحة لخبر وفاته,fake,كذب,"
",السبت 05 أيلول 2020,Politics
"هل خرجت مظاهرة مناهضة للنظام في ""جرمانا"" بريف دمشق مؤخراً؟",fake,كذب,"
",الثلاثاء 09 حزيران 2020,Politics
شادي حلوة وفارس الشهابي، والترويج للأكاذيب خلال معركة النيرب بريف إدلب,fake,كذب,"
بدأ الجيش التركي وحلفاؤه من فصائل المعارضة السورية يوم الخميس الموافق لـ20 شباط/فبراير 2020 هجوماً ضد مناطق كانت واقعة تحت سيطرة قوات نظام الأسد بريف إدلب، وتحديداً منطقة النيرب التي شهدت تقدماً ثم تراجعاً للجيش التركي وحلفائه في ذات اليوم، في حين استهدفت القوات المهاجمة مواقع لقوات الأسد في سراقب وداديخ وآفس وكفر بطيخ دون التوغل باتجاه تلك المناطق.
ورافق تلك المعارك انتشار كثيف لأخبار كاذبة، إضافة إلى صور وتسجيلات مصورة غير متعلقة، ويستعرض فريق (تأكد) في هذا التقرير أهم المواد المضللة التي رصدها خلال اليومين الماضيين.
ماهي المواد الملفقة التي تم تداولها على نطاق واسع؟
١ - صورة لدبابة تركية، ادعى موالون لنظام الأسد أن قوات الأسد دمرتها في معارك النيرب بريف إدلب.
تنظيم (داعش) هو من دمرها في الحقيقة عام 2017
شادي حلوة، فارس شهابي، شبكة أخبار الحمدانية
نشر الإعلامي الموالي لنظام الأسد مراسل الفضائية السورية في حلب شادي حلوة صورة لدبابة تركية مدمرة، مدعيا أن قوات نظام الأسد هي من قامت بذلك. كما نشر النائب في برلمان الأسد والصناعي المعروف فارس الشهابي الصورة ذاتها، بالإضافة إلى عدد من الصفحات الإخبارية الموالية للنظام مثل (شبكة أخبار الحمدانية)، والتي شاركت نفس ادعاءات حلوة.
منصة تأكد تحققت من الصورة عن طريق استخدام تقنية البحث العكسي ، إضافة إلى استخدام الكلمات المفتاحية المناسبة في عملية البحث، وتوصلت إلى أن الصورة هي لدبابة تركية بالفعل، لكنها ليست من معارك النيرب الأخيرة، وإنما من معارك جرت بين تنظيم (داعش) وبين الجيش التركي وحلفائه في منطقة جبل الشيخ عقيل في أواخر عام 2016 وأوائل عام 2017، ورصد فريق تأكد وجود تلك الصورة مع صور أخرى من تلك المعارك في موقع أمريكي لمشاركة الصور اسمه (Imgur)، وقد نشرت بتاريخ 21 كانون الثاني/يناير من العام 2017.
٢ - دبابة تحترق، ادعى موالون لنظام الأسد أن قوات النظام هي من دمرتها، لكنها في الحقيقة دبابة أمريكية دمرتها عبوة ناسفة عام 2006 في بغداد، (بي بي سي، جيتي اميجز)
صورة أخرى لدبابة تحترق، نشرتها صفحات موالية لنظام بشار الأسد، وأرفقت صفحة تحمل اسم (الشعب في زمن الحرب) الصورة بمنشور أفادت فيه بأن الدبابة من طراز (ألتاي) قد دمرتها قذيفة من طراز (آر بي جي- RPG)، لكن الصورة تعود في الحقيقة لدبابة أمريكية من طراز (آبرامز - Abrams). وقد نشرت وكالة (Getty) صورة للدبابة من منظور أقرب، وذكرت أن عبوة ناسفة استهدفت الدبابة شرقي العاصمة العراقية بغداد في 10 آذار/مارس من العام 2006 حسب ما نقلت الوكالة عن الشرطة العراقية آنذاك.
٣ - تسجيل مصور يظهر آليات ومدرعات ادعت صفحات موالية أنها للجيش التركي، وأن قوات نظام الأسد هي من دمرتها بريف إدلب، وفي الحقيقة هي آليات لفصائل المعارضة دمرت بريف حلب حسب وكالة ANNA
تسجيل مصوّر آخر، نشرته صفحات وحسابات موالية لنظام الأسد، يظهر آليات مدمرة وعمليات استهداف جوي لآليات متحركة. صفحة تحمل اسم (أخبار حلب Aleppo News) وتحظى بأكثر من 450 ألف متابع على فيسبوك، ذكرت أن التسجيل ""يظهر آليات و مدرعات الجيش التركي المحترقة بنيران الجيش السوري في محيط النيرب بريف ادلب""، لكن التسجيل في الحقيقة نشرته وكالة (ANNA) الأبخازية التي يرافق مراسلوها قوات نظام الأسد في عملياتها العسكرية بتاريخ 18 شباط/فبراير 2020، أي قبل يومين من بدء العملية العسكرية التركية في منطقة النيرب بريف إدلب، ويصوّر الفيديو عمليات قوات نظام الأسد في قرى ومناطق كفرحلب وميزناز وأورم الكبرى ومشارف خان العسل في 16 شباط.
رابط مؤرشف لمنشور صفحة (أخبار حلب)
4 مجموعة صور لآليات وعربات مصفحة ادعى فارس شهابي انها تركية وأن قوات الاسد دمرتها في منطقة النيرب، وفي الحقيقة هي اليات دمرت بريف حلب خلال تقدم قوات نظام الأسد
أيضا، فقد نشر فارس شهابي يوم 21 شباط/فبراير على صفحته في موقع (فيسبوك) صورة تضمنت عشر صور لدبابات وآليات عسكرية معطوبة أو مدمرة، وأرفق (الشهابي) الصور بمنشور كتب فيه باللغة الإنكليزية: ""مركبات الجيش التركي في النيرب بإدلب بعد ثلاث ساعات فقط ..! قلنا لأردوغان سوريا ليست شمال قبرص لكنه لم ينصت ..! هذا إهانة بأبعاد تاريخية لثاني أكبر جيش في الناتو ..! مرة أخرى، لماذا يرسل أبناء تركيا إلى الموت من أجل تنظيم القاعدة ؟!"".
حصل منشور الشهابي على نحو ٢٠٠ مشاركة، على الرغم من أن كافة الصور التي نشرها لا تمت بصلة بمعارك منطقة النيرب، إنما هي مأخوذة من التقرير الذي نشرته وكالة (ANNA) الأبخازية المذكور في الفقرة السابقة، والذي نُشر قبل يومين من هجوم الجيش التركي وحلفائه على منطقة النيرب.
وتظهر في الفيديو عدة آليات معطوبة لفصائل المعارضة السورية المسلحة وذلك خلال خوضها معارك مع قوات الأسد في مناطق كفرحلب ميزناز وأورم الكبرى حسب ذكر مراسل الوكالة نفسه خلال الفيديو.
هذا وقد قام فريق تأكد بمراجعة التسجيل والتحقق من كافة الصور التي استخدمها شهابي في منشوره المضلل. يمكن الاطلاع على الصور في الفيديو المذكور كما ورد ترتيبها في المنشور المضلل عن طريق الضغط على الروابط التالية المرقمة بالتوافق مع أرقام الصور التي وردت في المنشور: 1، 2، 3، 4، 5، 6، 7، 8، 9، و10
لم يقتصر نشر المواد المضللة على موالي الأسد
صفحات مناهضة للأسد على مواقع التواصل الاجتماعي نشرت أيضاً صوراً وتسجيلات مصورة نسبتها لمعركة النيرب بريف إدلب، ولكنها في الوقت لا تمت للمعركة المذكورة بصلة.
5 - تسجيل مصور يظهر مقاتلين من قوات الأسد خلال مواجهات مسلحة، وادعت صفحات مضادة لقوات الأسد أنهم ينسحبون تحت ضربات مقاتلي المعارضة في النيرب بريف ادلب، لكن في الحقيقة هي جانب من معارك بريف حلب
نشرت صفحة (الحدث السوري) التي تحظى باكثر من 675 ألف متابع على موقع (فيسبوك) تسجيلاً مصوراً يظهر جنوداً من قوات الأسد في خضم مواجهة مع مقاتلي فصائل المعارضة، وعنونت الصفحة التسجيل بـ""وكالة روسية تصور حالة انسحاب قوات النظام من النيرب""، إلا أن التسجيل في الحقيقة مقتطع من تسجيل أطول، هو ذاته الذي ورد في الفقرتين الثالثة والرابعة، ويمكن التحقق من ذلك من خلال مطابقة التسجيل المنشور مع الفيديو الأساسي ابتداءً من اللقطة التي تبدأ من الدقيقة 30:27.
6- تسجيل مصور لإطلاق صواريخ من راجمات، ادعى ناشروه انه للقوات التركية خلال استهدافها قوات الاسد في سراقب، لكنه في الحقيقة تسجيل من عملية غصن الزيتون بريف عفرين
تسجيل مصوّر آخر يظهر عملية إطلاق صواريخ من راجمات أرضية، نشرته العديد من الصفحات مدعيةً أنه يظهر راجمات الصواريخ و المدفعية التركية خلال استهدافها غرفة عمليات قوات الأسد في سراقب، لكن التسجيل في الحقيقة قديم، ورصد فريق (تأكد) انتشار التسجيل قبل نحو عامين، كما عرضته مواقع وقنوات إخبارية تركية في تلك الفترة على أنه يصور استهداف القوات التركية لمواقع تابعة لـ (حزب الاتحاد الديمقراطي - PYD) بريف حلب الشمالي.
موقع (haberler) التركي أحد المصادر التي نشرت التسجيل بتاريخ 21 كانون الثاني/يناير 2018، تحت عنوان ""لحظة قصف الأهداف في عفرين مع عملية غصن الزيتون هاتاي""، كما أظهرت نتائج البحث التسجيل ذاته منشورا على موقع صحيفة (milliyet) التركية تحت عنوان ""لحظة إطلاق النار على الأهداف في عفرين"".
وتمكنت فصائل المعارضة السورية المدعومة تركياً من السيطرة على قرية النيرب بتاريخ 24 شباط/فبراير 2019 بعد معارك مع قوات الأسد، وبعد ثلاثة أيام من هجوم فاشل على ذات المنطقة.





",السبت 29 شباط 2020,Politics
ماهي حقيقة (استهداف سيارة عسكرية في مارع),fake,كذب,"
تداولت صفحات وحسابات على مواقع التواصل الاجتماعي يوم الأربعاء خبراً، أفاد بأن عناصر من قوات الأسد استهدفت آلية عسكرية، لعناصر من فصائل (درع الفرات) في إشارة لفصائل إلى فصائل من (الجيش الحر) مدعومة تركياً، قرب مدينة مارع بريف حلب الشمالي.

وقالت تلك الصفحات إن الاستهداف خلف مقتل وجرح عدد من عناصر الفصائل، إضافة إلى تدمير العربة التي كانوا يستقلونها.
منصة ""تأكد"" تابعت المعلومات الواردة في الخبر، حيث تبين أن الاستهداف حصل بالفعل، وبحسب عدة مصادر ميدانية متقاطعة، مصدر الاستهداف كان مناطق مشتركة السيطرة بين (قوات الأسد) و(وحدات حماية الشعب  YPG)، حيث استهدف صاروخ من هناك شاحنة متوسطة تعود لمدني يدعى"" زكريا م.ع"" من سكان مخيم شمارخ، وذلك أثناء عودته من نقل عمال مياومين يشتغلون في الأراضي الزراعية القريبة من مدينة مارع.
ونفى مركز الدفاع المدني في مارع مصادر لـ(تأكد) مقتل أي شخص نتيجة الاستهداف أمس، واقتصرت الإصابات على حالة واحدة فقط.
وتشهد نقاط التماس بين فصائل (الجيش الحر) من جهة، وبين (وحدات حماية الشعب  YPG) وقوات الأسد من جهة أخرى، اشتباكات متبادلة بشكل متكرر، على طول امتداد تلك النقاط شمالي حلب.




",الجمعة 26 نيسان 2019,Politics
جواز السفر الإماراتي ليس الأقوى عالميا,fake,كذب,"

واعتمد ناشرو الخبر، على موقع يحمل عنوان ""باسبورت إندكس"" الذي يظهر الجواز الإماراتي أقوى جواز سفر في العالم على اعتبار أنه يمكن حامليه من دخول 167 بلداً حول العالم.
تود منصة تأكد أن تلفت عناية المتابعين إلى أن موقع ""باسبورت إندكس"" ليس معتمداً بشكل رسمي في عملية تقييم جوازات السفر حول العالم ومدى قوتها، وخلال الاطلاع على الموقع المذكور، تبين أنه يتبع لشركة ""arton capital"" التي تتخذ من مدينة دبي مقراً لها حسب موقع الشركة على الانترنت.
وتشير منصة تأكد إلى أن المؤشر الذي تعتمده معظم المؤسسات الدولية ووسائل الإعلام لتقييم جوازات السفر هو مؤشر هينلي ""henley passport""، بما فيها حكومة دبي.
وترفق منصة تأكد منشوراً من المكتب الإعلامي لحكومة دبي على صفحته الرسمية بموقع ""فيسبوك"" مطلع العام الجاري معتمداً على مؤشر هينلي لجوازات السفر، والذي تحدث عن التقدم الذي أحرزه جواز السفر الإماراتي خلال 10 أعوام.

كما ترفق منصة تأكد أيضاً تغريدة من حساب ااتحاد النقل الجوي لشركات الطيران حول العالم ""IATA""، يطلب من متابعيه التحقق من ترتيب جواز سفرهم عبر مؤشر هينلي.
How powerful is your passport?

World's passports ranked for ease of travel by

Topping the list are: Japan - Singapore - France - Germany - South Korea https://t.co/k9yOUUun1W #HenleyPassportIndex pic.twitter.com/xXaPyD8Cax




",الأحد 02 كانون أول 2018,Tech
داخلية نظام الأسد تنفي تصريحات نسبتها وكالة روسية للوزير,fake,كذب,"
نفت وزارة الداخلية التابعة لحكومة نظام الأسد مؤخراً تصريحات نسبتها وكالة روسية لـ ""وزير الداخلية"" محمد الشعار، مؤكدة أنه لم يدل بأي تصريح للوكالة أو أية وسيلة إعلامية أخرى فيما يتعلق بموضوع البطاقة الشخصية.
وبعد ساعات من نشر الوزارة على صفحتها الرسمية بموقع ""فيسبوك"" عدلت ""وكالة سبوتنيك"" الروسية عنوان ومضمون الخبر الذي نشرته حول الموضوع على موقعها باللغة العربية.
وتظهر نتائج البحث المؤرشفة على محرك ""غوغل"" النسخة الأولى من الخبر الذي نشرته ""سبوتنيك"" بتاريخ 30 نيسان/أبريل الجاري بعنوان ""السوريون يحصلون على بطاقات شخصية غير قابلة للتزوير "" والذي يبدأ بالنص التالي: ""أكد وزير الداخلية السوري محمد الشعار أن الوزارة تعمل حالياً على مشروع تغيير البطاقات الشخصية ""الهويات"" للسوريين لتكون غير قابلة للتزوير. وأضاف الوزير في تصريح لمراسل ""سبوتنيك"": كما سيتم تغير بطاقات السوق والسلاح التي ستتم أتمتتها، ما يمكن الوزارة من مكافحة وتجاوز كل حالات وعمليات التزوير"".
ومن خلال تتبع الرابط يتبين أن ""سبوتنيك"" عدلت عنوان الخبر ومضمونه ليصبح بعنوان :"" سوريا تعمل على إطلاق مشروع ""بطاقة ذكية"" متعددة الاستخدامات"".
وحولت الوكالة في خبرها المُعدل تصريحات وزير داخلية بشار الأسد لتنسبها لـ ""صحيفة الوطن"" شبه الرسمية، وأدرجت تصريحات لوزراء آخرين في حكومة النظام، دون الإشارة إلى أن خبرها الأول كان خاطئاً.




",الجمعة 04 أيار 2018,Politics
لا مروحيات روسية سقطت في حلب اليوم,fake,كذب,"



",الأحد 26 تشرين ثاني 2017,Politics
الشخص الذي قُبض عليه في الأتارب لم يرتد حزاماً ناسفاً,fake,كذب,"
نشرت مواقع إخبارية معارضة، وصفحات وحسابات شخصية على مواقع التواصل الاجتماعي اليوم، خبراً قالوا فيه إن الشرطة الحرة ألقت القبض ظهر اليوم على شخص يرتدي حزاماً ناسفاً في مدينة ""الأتارب"" غرب حلب.

وقال ناشرو الخبر، إن الشخص الذي أُلقي القبض عليه، كان متوجهاً نحو المظاهرة التي خرجت في المدينة الواقعة بريف حلب الغربي، بعد صلاة الجمعة.

لكن ""مركز شرطة الأتارب الحرة""، أوضح عبر صفحته على موقع ""فيسبوك""، أن الحزام الذي عُثر عليه بحوزة الشخص الذي تم اعتقاله لم يكن مُعداً للتفجير، ولا يحتوي على أي مواد متفجرة.
وأشار المركز إلى أنه استعان خلال الكشف عن محتويات الحزام المشبوه بخبير من الدفاع المدني، وخبير آخر من إحدى فصائل المعارضة، وأكدوا بدورهم أن الحزام لا يحتوي على جهاز ارسال ولا على مواد متفجرة، وأنه كان يحتوي على بطاريات توليد طاقة ""بطاريات بيل"" فقط.




",الجمعة 18 آب 2017,Politics
"مصادر مُقربة من ""النابلسي"" تنفي لـ تَأكّدْ الأنباء التي تحدثت عن وفاته",fake,كذب,"
تداول ناشطون على مواقع التواصل الاجتماعي اليوم الثلاثاء، خبراً يتحدث عن وفاة الشيخ الدكتور ""محمد راتب النابلسي"".
وقامت تَأكّدْ بالتحقق من صحة الخبر الذي تم تداوله، وذلك من خلال الصفحة الرسمية للدكتور النابلسي، وتبين أن إدارة الصفحة نشرت قبل أقل من 20 دقيقة، منشوراً يتحدث عن وصول أحد ""النابلسي"" إلى مكتبات العاصمة الأردنية عمان، ولم تذكر الصحفة أي خبر حول وفاة الدكتور، الأمر الذي يدحض الاشاعات التي يتم تداولها حول وفاته.
كما نفت مصادر مُقربة من ""النابلسي"" لـ تَأكّدْ الأنباء التي تحدثت عن وفاته، مؤكدة أن الشيخ بصحة جيدة.

تحديث 10:00 صباح 17/4/2016 

تأكيداً لما نشرته منصة تَأكّدْ سابقاً حول نبأ وفاة الدكتور الشيخ محمد راتب النابلسي :




",الثلاثاء 12 نيسان 2016,Politics
هل تعرض بشار الأسد لمحاولة اغتيال مؤخراً وماحقيقة فيديو ساحة الأمويين؟,fake,تضليل,"
",الجمعة 12 نيسان 2024,Politics
الفيديو قديم وليس لقصف الجيش الروسي العاصمة الأوكرانية كييف مؤخراً,fake,تضليل,"
",الأربعاء 27 آذار 2024,Politics
هذا الفيديو ليس لاشتعال النيران جراء استهداف مزعوم لمطار حيفا,fake,تضليل,"
",الأربعاء 06 آذار 2024,Politics
هل تم تسريب هذه الصورة من ثلاجات قتلى الجيش الإسرائيلي مؤخراً؟,fake,تضليل,"
",الأحد 11 شباط 2024,Politics
هل صرح دونالد ترامب بأن هجوم 11 سبتمبر كان من عمل الولايات المتحدة؟,fake,تضليل,"
",السبت 27 كانون ثاني 2024,Politics
هل تظهر هذه المشاهد تجمع قوات بحرية من 22 دولة في البحر الأحمر؟,fake,تضليل,"
",السبت 06 كانون ثاني 2024,Politics
الفيديو قديم وليس لاعتداء شرطي إسرائيلي على طفل فلسطيني في القدس مؤخراً,fake,تضليل,"
",الاثنين 11 كانون أول 2023,Politics
الفيديو قديم ولا يتعلق بنتائج التحقيقات الأولية في هجوم السابع من أكتوبر,fake,تضليل,"
",الاثنين 20 تشرين ثاني 2023,Politics
هل أرسلت الإمارات معدّات عسكرية للجيش الإسرائيلي مؤخراً؟,fake,تضليل,"
",السبت 04 تشرين ثاني 2023,Politics
الفيديو قديم وليس لطفل فلسطيني فقد إخوته بالقصف على غزة,fake,تضليل,"
",الخميس 12 تشرين أول 2023,Politics
الفيديو قديم وليس لدخول سوريين إلى الأراضي اللبنانية عبر معابر غير شرعية,fake,تضليل,"
",الثلاثاء 03 تشرين أول 2023,Politics
الفيديو قديم وليس لانهيار منزل في الدار البيضاء بسبب زلزال المغرب,fake,تضليل,"
",السبت 09 أيلول 2023,Politics
المقطع ليس لمظاهرات في حي ركن الدين الدمشقي ضد تردي الأوضاع المعيشية,fake,تضليل,"
",الثلاثاء 01 آب 2023,Politics
المقطع ليس لتوجه موكب بوتين بشكل عاجل إلى الكرملين بعد تمرد قوات فاغنر,fake,تضليل,"
",الأحد 25 حزيران 2023,Politics
هل قالت (واشنطن بوست) إن رحيل أردوغان هام جداُ قبل أن تصبح تركيا قوة عظمى؟,fake,تضليل,"
",,Politics
هذا الشخص لم يعتقل بسبب قضية تحرش في إدلب,fake,تضليل,"
",الخميس 27 نيسان 2023,Politics
ما حقيقة الادعاء بأن عدد السوريين في مصر يبلغ أكثر من 5 مليون سوري؟,fake,تضليل,"
",الخميس 27 نيسان 2023,Politics
المعلومات المضللة والكاذبة تفاقم خطاب الكراهية وتهدد حياة اللاجئ السوري في لبنان,fake,تضليل,"
تصاعد خطاب الكراهية تجاه اللاجئين السوريين في لبنان خلال الأسبوعين الفائتين وسط حملات ودعوات لترحيلهم إلى سوريا بمزاعم مختلفة منها أن ""السوري سبب أزمات لبنان الاقتصادية والاجتماعية، وأن سوريا أضحت آمنة وبالتالي لا مبرر لبقاء السوري في لبنان"".
لكن سوريا، وفقاً لتقرير أصدرته ""هيومن رايتس ووتش"" في العام 2021 بعنوان: ""حياة أشبه الموت‘: عودة اللاجئين السوريين من لبنان والأردن"" ليست آمنة للعودة.
وحسب التقرير فأن من بين 65 من العائدين أو أفراد عائلاتهم الذين قابلتهم المنظمة، وثقت هيومن رايتس ووتش 21 حالة اعتقال واحتجاز تعسفي، و13 حالة تعذيب، وثلاث حالات اختطاف، وخمس حالات قتل خارج نطاق القضاء، و17 حالة اختفاء قسري، وحالة عنف جنسي مزعوم.
ويعيش السوريون في لبنان معاناة متعددة الأشكال جراء غياب التشريعات المحلية التي تنظم شؤون حياتهم وعدم توقيع لبنان على الاتفاقيات الدولية التي تعتبر من فر من بلاده بسبب الاضطهاد لاجىء. إذ ما تزال الدولة اللبنانية تعتبر السوريين نازحين وليسوا لاجئين ما يفقدهم حقوق اللاجئ المعترف بها دولياً.
ومن هنا، تُعقَّد لبنان إجراءات الإقامة والعمل والتعليم وهو ما يشكل وضعاً ضاغطاً على السوري في مخيمات اللجوء وحتى خارجها في لبنان. عدا عن حملات التضليل التي تُمارس ضدهم من مختلف فئات المجتمع اللبناني وكذلك بعض الأحزاب والشخصيات السياسية.
ومنذ أيام، اعتقلت مخابرات النظام السوري شابين من السويداء مطلوبين للاحتياط عند نقطة المصنع الحدودية بعد ترحيلهما من لبنان، وفقاً لشبكة السويداء 24، وذلك بعد قيام مخابرات الجيش اللبناني بتكثيف دورياتها واعتقالها سوريين من منازلهم في أحياء عدة من بيروت وأماكن سكن اللاجئين.
وبحسب ""ميغافون"" (وسيلة إعلامية إلكترونية مستقلة) نفذ الجيش اللبناني مداهمات أمنية يومي 19 و20 نيسان/أبريل الجاري واعتقل مئات السوريين من برج حمود وعاليه والشوف وزحلة وبر الياس بينهم عوائل وقصَّر. وقام بنقلهم إلى نقطة المصنع الحدودية ومعبر جوسيه في بلدة القصير بحمص.
سبق ذلك، ترحيل الجيش اللبناني 46 لاجئاً يومي 10 و11 نيسان/أبريل الجاري بعد اعتقالهم في جونيه ووادي خالد حيث يعيشون، وسلَّم 35 منهم إلى قوات الفرقة الرابعة التابعة لماهر الأسد.
وكانت حملات الترحيل بدأت في 5 نيسان/أبريل الجاري من خلال اعتقال الجيش اللبناني 46 لاجئاً في بلدتين في منطقة الشوف بحج مختلفة، منها الشغب والاعتداء على المواطنين اللبنانيين، وعدم امتلاك أوراق ثبوتية تخولهم البقاء في لبنان. وعليه، بلغ عدد من اعتقلهم الجيش اللبناني 450 لاجئاً منذ بداية شهر نيسان/أبريل الجاري، وفقاً لوكالة فرانس برس.
كذلك، دعت منظمة العفو الدولية، يوم الإثنين الفائت، الدولة اللبنانية إلى وقف عمليات الترحيل غير القانونية للاجئين السوريين خشية أن يتعرضوا ""لتعذيب واضطهاد"" النظام السوري.
تحديث: اعتقلت السلطات السورية شخصًا على الأقلّ من الذين رحّلتهم السلطات اللبنانية. أخبرنا محمد أنّ السلطات السورية اقتادت شقيقه إلى مكان غير مُعلن عنه وزعم أنهم قالوا لزوجته وابنته اللتين رُحّلتا معه ""اذهبا وانسيا أمره"" https://t.co/vK4QIsmCtu

وحملات الترحيل هذه سبقها سلسلة من الأكاذيب والتحريض باستخدام معلومات مغلوطة وفيديوهات مقتطعة من سياقها وقديمة تجاه اللاجئين في لبنان توجت بإطلاق ما يسمى ""الاتحاد العام لنقابات العمال""، ""الحملة الوطنية لتحرير لبنان من الاحتلال الديموغرافي السوري"".
كما انتشرت دعوات مجهولة المصدر تدعو النازحين السوريين للتظاهر أمام مقر مفوضية اللاجئين اليوم، مقابل دعوة مماثلة من قبل لبنانيين يطالبون بترحيلهم، ما دفع بوزير الداخلية بسام مولوي إلى إصدار كتاب الى المديرية العامة لقوى الأمن الداخلي لمنع تظاهر النازحين السوريين والتظاهرات المضادة لها.
كما تقوم بعض البلديات بالتضييق على السوريين، كما حدث في بلديات الدكوانة التي أجبرت اللاجئين على توقيع تعهد بالعودة، وكذلك بلديات أخرى تمنع اللاجىء من العمل في بعض المهن، عدا عن تحديد ساعات تجوال السوري في مناطق لجوئه داخل لبنان.
ليس هذا فقط، بل يتهم اللاجئين السوريين في لبنان بأنهم يقبضون بالدولار مبالغ كبيرة، في حين بيَّن أحد اللاجئين ويدعى يحيى لمنصة (تأكد) أن ""السوري المسجل لدى مفوضية شؤون اللاجئين يحصل على 800 ألف ليرة لبنانية شهرياً (8 دولار)، بعد أن كان يحصل على 300 ألف ليرة قبل شهرين و500 ألف قبل شهر، بعد رفع المفوضية المبلغ بسبب ارتفاع سعر صرف الدولار.
ويقول يحيى الذي طلب التعريف عنه بالاسم الأول ""إن 5 أفراد فقط من العائلة يحصلون على دعم نقدي من المفوضية مهما بلغ عدد أفرادها""، ما يعني أن العائلة المؤلفة من 5 اشخاص تحصل شهرياً على 4 مليون ليرة ما يعادل اليوم حوالي 40 دولار. مؤكداً أنهم يستلمون المبلغ بالعملة المحلية وليس بالدولار كما يروج الكثير من اللبنانيين.
ويبلغ عدد اللاجئين السوريين في لبنان وفقا لـ ""المفوضية السامية للأمم المتحدة لشؤون اللاجئين""، حوالي المليون ونصف المليون، 865331 مسجلين في مفوضية شؤون اللاجئين و400 ألف عامل.
واليوم طالبت الحكومة اللبنانية المفوضية العليا لشؤون اللاجئين، وضمن مهلة أقصاها أسبوع من تاريخه، تزويد وزارة الداخلية والبلديات بالمعلومات الخاصة باللاجئين السوريين على أنواعها، على أن تسقط صفة اللاجئ عن كل شخص يغادر الأراضي اللبنانية.

عدا عن ذلك استغل كثير من اللبنانيين بعض الفيديوهات للتحريض ضد اللاجئين السوريين، ومنها فيديو للمعارض السوري كمال اللبواني وهو يتهجم على الجيش اللبناني عبر تسجيل مصور ويطلب من اللاجئين حمل السلاح للدفاع عن أنفسهم.
لكن، بالبحث عن هذا الفيديو تبين أنه قديم منشور بتاريخ 27/10/2022، ما يعني أنه استخدم ليكون مقدمة للتحريض وخلق الفتن بين اللاجئ السوري والمجتمع اللبناني بما يساهم في زيادة الضغط لترحيل اللاجئين.
كما تم استعادت فيديو مصور في مخيّم الهول شمال شرق سوريا لعوائل تنظيم ""داعش""، يظهر فيه ""أطفال تكفيريون يهددون بالقتل والذبح"" على أنه لـ لاجئين سوريين في إحدى المخيمات اللبنانية.
بينما الحقيقة تشير إلى أن الفيديو نشرته قناة الحدث في مارس/آذار من العام 2021 على أنه من مخيم الهول للاجئين في سوريا.
ورغم رفض المفوضية السامية لشؤون اللاجئين ترحيل السوريين إلى بلادهم، إلا أن الحكومة اللبنانية أقرت في العام 2017 خطة للعودة الطوعية التي أعيد عبرها إلى سوريا ما يقارب الــ 600 ألف سوري. لكنها توقفت بعد الاعتراض عليها من قبل منظمات دولية وحقوقية.
وتتهم الحكومة اللبنانية المفوضية بأنها تشجع اللاجئين على عدم العودة، بينما تشير المفوضية إلى أنها لا تعارض العودة لكنها تتفهم أن القسم الأكبر من النازحين في لبنان غير متحمسين لها لعدم توافر مقومات العيش في البلدات والقرى السورية التي نزحوا منها.



",الأربعاء 26 نيسان 2023,Politics
هل منح أردوغان جميع الأتراك غاز المنازل مجاناً لمدة عام؟,fake,تضليل,"
",الأحد 23 نيسان 2023,Politics
هل أرسلت مصر مساعدات إنسانية إلى السودان حديثاً ؟,fake,تضليل,"
",الخميس 20 نيسان 2023,Politics
"هل احتج الفلسطينيون على رفع علم ""حزب الله"" في القدس؟",fake,تضليل,"
",الأربعاء 19 نيسان 2023,Politics
هل شهدت القرداحة مؤخرا اقتتالا عنيفا بين آل الأسد؟,fake,تضليل,"
",الثلاثاء 18 نيسان 2023,Politics
هذه الصورة تظهر سقوط طائرة مسيرة في إدلب وليس طائرة مقاتلة في السودان,fake,تضليل,"
",الاثنين 17 نيسان 2023,Politics
هل يظهر هذا الفيديو المغنية سيلين ديون بعد إصابتها بمرض نادر؟,fake,تضليل,"
",الجمعة 14 نيسان 2023,Politics
"هل أعلن ""لواء القدس"" مسؤوليته عن استهداف مواقع للاحتلال الإسرائيلي في الجولان؟",fake,تضليل,"
",الاثنين 10 نيسان 2023,Politics
ما حقيقة تكريم الشيخ الجزائري وليد مهساس بعد تسلق قطة على كتفيه أثناء الصلاة؟,fake,تضليل,"
",الجمعة 07 نيسان 2023,Politics
هل تظهر هذه اللقطات قصف المليشيات الإيرانية للقاعدة الأمريكية في دير الزور؟,fake,تضليل,"
",السبت 25 آذار 2023,Politics
"هل نشرت صفحة ""رئاسة الجمهورية"" صورة لـ ""فريق ملهم"" ونسبتها لفريق تابع لأسماء الأسد؟",fake,تضليل,"
",الأحد 12 آذار 2023,Politics
هل يظهر المقطع انزعاج رونالدو من جماهير الاتحاد بسبب هتافها لميسي؟,fake,تضليل,"
",السبت 11 آذار 2023,Politics
هل فرض الاتحاد الأوروبي حديثاً عقوبات على بشار الأسد؟,fake,تضليل,"
",الجمعة 10 آذار 2023,Politics
هل أفرج النظام السوري حديثاً عن 23 معتقل من صيدنايا بعد سنوات من الاعتقال؟,fake,تضليل,"
",الثلاثاء 07 آذار 2023,Politics
"الطفل باسل الرشدان ليس هو ذاته صاحب بطاقة المساعدات ""المزورة""",fake,تضليل,"
",,Politics
هل شتم أردوغان أحد منكوبي الزلزال؟,fake,تضليل,"
",السبت 25 شباط 2023,Politics
ما حقيقة وصول رونالدو إلى السعودية حديثاً للانضمام إلى نادي النصر السعودي؟,fake,تضليل,"
",الخميس 22 كانون أول 2022,Politics
هذه الصور لا علاقة لها بالحرائق الكبيرة التي اندلعت مؤخراً في الجزائر,fake,تضليل,"
تداولت حسابات بمواقع التواصل الاجتماعي مجموعة صور خلال اليومين الماضيين من شهر آب/ أغسطس 2022، في سياق أخبار تتحدث عن حرائق واسعة اندلعت في غابات ومناطق حراجية بالجزائر، إلا أن بعض هذه الصور خارج السياق المذكور.
وحظيت الصور بانتشار واسع وحصدت عدداً كبيراً من التعليقات والمشاركات وإعادات التغريد. بإمكانك الاطلاع على عينة من مصادر الادعاء في الجدول أسفل المادة.
سياق الادعاء
اندلعت حرائق واسعة في مناطق عدة بالجزائر، خلال الأيام القليلة الماضية، وأعلنت السلطات الجزائرية أمس الجمعة إخماد جميع الحرائق التي أسفرت عن مقتل 37 شخصاً وإصابة 183 آخرين، وفق ما نقلت وكالة ""الأناضول"".
وأرجع رئيس الوزراء الجزائري أيمن بن عبد الرحمن خسائر النيران إلى ""العوامل الطبيعة التي تفوق قوة الإنسان، حيث بلغت سرعة الرياح 91 كلم في الساعة مما يجعل من مجابهتها أمرا صعبا للغاية""، في حين باشر القضاء الجزائري تحقيقات ضد مجهولين لتحديد ما إذا كان ""مصدر الحرائق عمل إجرامي مقصود"".
حرائق وجثث
نشرت حسابات في موقع ""فيسبوك"" هاتان الصورتان، وزعموا أنها من الحرائق التي اندلعت مؤخراً في غابات الجزائر، ويظهر في الصورة الأولى ألسنة لهب تلتهم الأشجار وشخصين يحاولان إطفاءها، وفي الصورة الثانية تظهر مجموعة من الجثث ملقاة على الأرض.
وبعد البحث عن الصورة الأولى في محركات البحث، اتضح أنها قديمة، ونشرتها مواقع إخبارية بينها موقع صحيفة ""الغارديان"" البريطانية، وموقع ""فايس"" الأمريكي، العام الماضي، وقالا إنها من حرائق اندلعت سنة 2021 في اليونان.
أما الصورة الثانية، فتبين بعد استخدام تقنية البحث العكسي أنها منشورة عام 2019، في مواقع إخبارية أجنبية مثل ""libreopinionguinee"" و""abcnews"" بسياق أخبار تتحدث عن سقوط ضحايا إثر حريق في مدرسة بدولة ليبيريا.
جبل مشتعل ونيران خلف السيارات
انتشرت صورتان في سياق الأخبار المتداولة عن حرائق الجزائر، يظهر في الأولى شخص يضع يديه خلف رأسه وأمامه سيارات خلفها نيران ودخان، في حين تظهر الصورة الثانية جبلاً أسود اللون تلتهمه النيران.
وبالبحث عن الصورتين المتداولتين، اتضح أن الأولى منشورة في مواقع أجنبية في وقت سابق، بينها موقع ""inside headline"" الذي قال إن الصورة التقطت أثناء حريق شب في مصنع أخشاب بالبرتغال، في شهر تموز الماضي.
أما الصورة الثانية للجبل المشتعل، اتضح أنها التقطت بالجزائر لكن منذ نحو سنة، حيث نشرها الصحافي في ""فرانس 24"" طاهر هاني عبر حسابه في ""تويتر"" متحدثاً عن حرائق في منطقة القبائل، بشهر آب من العام الماضي.
Collines oubliées, collines brûlées. La #Kabylie toujours encerclée par les flammes. 5 morts dont deux femmes et un épais silence radio de la part du Gvt. La nuit fut terrible. Des milliers ont fui leurs maisons sans savoir où aller. Ils fulminent de rage .

شاب يشاهد النيران
انتشرت صورة لشاب يضع يديه على رأسه يشاهد نيراناً واسعة تحرق أشجاراً، وذلك في سياق الأخبار عن حرائق غابات الجزائر.



",السبت 20 آب 2022,Politics
ما حقيقة فيديو رشق المدرعات الروسية بالحجارة أثناء انسحابها من تل رفعت؟,fake,تضليل,"
",الاثنين 13 حزيران 2022,Politics
ما حقيقة حظر السعودية أداء فريضة الحج على الشعب السوري؟,fake,تضليل,"
",السبت 07 أيار 2022,Politics
هل أطلق معبر جرابلس رابط الحجز المخصص لإجازات العيد؟,fake,تضليل,"
",السبت 26 آذار 2022,Politics
هذا المقطع قديم ويظهر لاجئاً سورياً يعذب ابنه ولا علاقة له بالطفل فواز قطيفان,fake,تضليل,"
",الثلاثاء 08 شباط 2022,Politics
هل أدرجت أمريكا مؤخراً قادة من المعارضة السورية في قوائم العقوبات؟,fake,تضليل,"
",الخميس 09 كانون أول 2021,Politics
هل عثر العلماء مؤخراً على كوكب شبيه بالأرض ويمكن الوصول إليه؟,fake,تضليل,"
",السبت 23 تشرين أول 2021,Politics
"هل يظهر هذا التسجيل نادلة ""تقدم الأركيلة بطريقة فنية"" في دمشق؟",fake,تضليل,"
",الاثنين 06 أيلول 2021,Politics
اعتداء على شاب قبل دهسه.. هل هو من أنقرة؟,fake,تضليل,"
",الخميس 12 آب 2021,Politics
هذه الصور ليست لسوريين قضوا غرقاً قرابة السواحل الليبية,fake,تضليل,"
",الثلاثاء 22 حزيران 2021,Politics
هل ألغت الدنمارك إقامة اللاجئة السورية آية أبو ضاهر لأنها مؤيدة للنظام السوري؟,fake,تضليل,"
",الثلاثاء 20 نيسان 2021,Politics
هل قتل رئيس فرع الأمن العسكري في دير الزور بغارات إسرائيلية؟,fake,تضليل,"
",الخميس 21 كانون ثاني 2021,Politics
هذا التسجيل لا يوثق سرقة تركيا أشجار زيتون من عفرين,fake,تضليل,"
",الأربعاء 04 تشرين ثاني 2020,Politics
"هذه المرأة ليست ""سودانية تحمل دواءها وسط الفيضانات"" ",fake,تضليل,"
",الاثنين 07 أيلول 2020,Politics
هل صنفت الأمم المتحدة البنية الرقمية السعودية لمواجهة كورونا الأنجح في العالم؟,fake,تضليل,"
",الثلاثاء 28 تموز 2020,Politics
رجل توفي غرقاً في عفرين ومنصات إعلامية تفبرك مقتله على إيدي مسلحين,fake,تضليل,"
نشرت وكالة (هاور نيوز) يوم الأربعاء 20 أيار/مايو تقريراً بعنوان (العثور على جثة مدني اختطفته مرتزقة الاحتلال التركي في عفرين) ورد فيه أن : ""أهالي ناحية جندريسه عثروا على جثة المواطن مسلم أحمد الذي اختطفه المرتزقة قبل حوالي أسبوع من منزله، وسط إستمرار مسلسل تعذيب وخطف المدنيين في عفرين"".
وأضافت الوكالة الداعمة لـ (حزب الاتحاد الديمقراطي - PYD) أن ""الأهالي عثروا على الجثة بالقرب من النهر في جندريسه""، مدعية نقل هذه المعلومات عن مصادر محلية.
ونقلت العديد من الصفحات على مواقع التواصل الاجتماعي الخبر بذات التفاصيل ومن بينها صفحة (أخبار الشمال السوري)
الادعاءات الكاذبة:
- الرجل لم يختطف وإنما كان تائهاً
- عثر على جثمان الرجل في عفرين وليس في جنديرس
-الرجل توفي نتيجة سقوطه في النهر وليس بفعل فاعل
ما حقيقة الحادثة؟
نجل الرجل المتوفى كتب منشوراً على صفحته في موقع (فيسبوك) أوضح فيه تفاصيل حادثة وفاة والده، ووجه (رياض أحمد) منشوره إلى قناة (روداو) الكردية، التي بثّت يوم الأربعاء خبراً على شاشتها في بداية نشرة الأخبار، ورد فيه أن ""الأهالي في ناحية جنديرس عثروا على جثة رجل قتله المسلحون"".
وذكر رياض أن والده الذي ناهز 88 عاماً وعانى من مرض (آلزهايمر)، خرج من منزله في يوم 14 أيار/مايو، ثم ضل طريقه قرب نهر عفرين، وخلال محاولته العودة إلى منزله، انزلق على منحدر وسقط في نهر عفرين جنوبي قرية (كرسانة) بـ 2  كيلومتر، ثم توفي غرقاً.
وتابع نجل الفقيد أن التقرير الذي صدر عن الطبابة الشرعية في عفرين أكد ان وفاة والده كانت نتيجة غرقه في نهر عفرين مع وجود كدمات ناجمة عن السقوط، وانتفاخ ناجم عن مرور خمسة أيام على جثمان الفقيد في الماء، وأشار إلى عدم وجود آثار للرصاص أو لأدوات حادة على جسد الفقيد. ونفى اخيراً باسمه واسم عائلته خبر مقتل والده بفعل فاعل.
وفي ذات السياق، تواصلت منصة (تأكد) مع منظمة الدفاع المدني بعفرين (الخوذ البيضاء)، واكد المسؤول الإعلامي أن بلاغاً وصلهم يوم الأربعاء 20 أيار/مايو يفيد بوجود جثة طافية في نهر عفرين. ليتوجه فريق مختص وينتشل الجثمان ثم ينقله إلى المشفى العسكري بعفرين، قبل ان يتسلم الجثمان ذوو الفقيد ثم يدفنوه في مقبرة قرية (جنديرس) مسقط رأسه.
ناشطون سوريون كانوا قد أعلنوا سابقاً في منشورات على موقع (فيسبوك) أن الرجل ذاته خرج من منزله دون وجهة معروفة ولم يعد، طالبين ممن لديه معلومات أن يبلغهم أو يبلغ ذويه.




",الأحد 24 أيار 2020,Politics
"هذه ""الصهاريج"" لا تنقل مشتقات النفط إلى سوريا",fake,تضليل,"
نشرت مواقع وصفحات إخبارية على منصات التواصل الاجتماعي أمس، تسجيلاً مصوراً أظهر مرور رتل من الشاحنات المخصصة لنقل المشتقات النفطية ""صهاريج"" على طريق عام.
وخلال بحث أجرته منصة تأكد عن التسجيل المشار إليه، تبين أنه منشور على موقع ""يوتيوب"" منذ العام 2012 تحت عنوان ""صهاريج العراق شركة اضواء البراق"".
يشار إلى أن مدير شركة المحروقات التابعة لنظام بشار الأسد ""مصطفى حصوية"" صرح خلال الساعات الماضية للعديد من وسائل الإعلام السورية أنه لا يوجد أي تصريح حكومي رسمي يؤكد عزم حكومة النظام استيراد النفط من إيران براً عبر العراق.
وتشهد المناطق الواقعة تحت سيطرة النظام في سوريا منذ أشهر أزمة محروقات ، بررها رئيس حكومة بشار الأسد، عماد خميس، بالعقوبات المفروضة على سوريا واتهم قناة السويس بالإسهام في العقوبات، لكن مجلس الوزراء في مصر نفى منع أي ناقلة متوجهة إلى سوريا.




",الاثنين 15 نيسان 2019,Politics
"""جوازات السفر إلى الجنة"" ليس مصدرها داعش وإنما ميلشيات الأسد",fake,تضليل,"
نشرت مواقع إخبارية عربية وصفحات على مواقع التواصل الاجتماعي مؤخراً، خبراً بعنوان ""جوازات سفر إلى الجنة"" قالت إنه ""عُثر بمحافظة الرقة العربية السورية على جوازات سفر مكتوب عليها جواز سفر إلى الجنة"".
وأرفق ناشرو الخبر صورة لدفاتر بعضها لونه أزرق وبعضها الآخر لونه أخضر، ونقلوا عن مصدر لم يسموه تأكيدات بأنها تعود ""لخلايا داعش الأرهابية التي كانت تسيطر على المدينة"".
تود تأكد أن تلفت عناية المتابعين إلى أن ""جواز سفر الجنة"" الذي نشرت صوره تلك المواقع، كانت قد عثرت عليه فصائل المعارضة السورية في أحد مواقع جيش النظام والميليشيات الموالية له قرب الفرقة 17 في الرقة بتاريخ 7-5-2013.

وترفق تأكد تسجيلاً مُصوراً نشره ""المركز الإعلامي لثوار الرقة"" قبل نحو من 5 سنوات على موقع ""يوتيوب""، يظهر فيه ""الجواز"" المذكور، لحظة العثور عليه.




",الاثنين 10 أيلول 2018,Politics
صور المستوطنين في الملاجئ ملتقطة في فلسطين المحتلة وليست من الجولان السوري,fake,تضليل,"
نشرت مواقع وصفحات إخبارية عربية وسورية موالية لنظام بشار الأسد اليوم، خبراً بعنوان ""المستوطنون يفرون إلى الملاجئ"" تضمن صوراً تظهر عدداً من المدنيين بينهم نساء ومسنين أثناء تواجدهم في أبنية ذات سقوف منخفضة بدت كأنها ملاجئ تحت الأرض.
وقال ناشرو الصور، إنها ملتقطة حديثاً وتظهر المستوطنون الصهاينة بعد فرارهم إلى الملاجئ بعد القصف الذي استهدف الجولان المحتل.
وخلال البحث العكسي الذي أجرته منصة تأكد تبين أنها قديمة وملتقطة منذ سنوات سابقة في مواقع متفرقة في فلسطين المحتلة.




",الخميس 10 أيار 2018,Politics
هذا التسجيل لا علاقة له بمقتل جنود روس في غارة أمريكية بدير الزور,fake,تضليل,"
تداولت صفحات إخبارية وحسابات شخصية على مواقع التواصل الاجتماعي اليوم، تسجيلاً مصوراً يظهر قتلى يرتدون الزي العسكري، وجثثاً متفحمة وعربات عسكرية محترقة في منطقة بدت كأنها عسكرية.
وقال ناشرو التسجيل، إن القتلى الذين ظهروا خلال التسجيل هم من القوات الروسية، وقد قتلوا خلال قصف للطيران الأميركي استهدف رتلاً عسكرياً يضم قوات روسية وأخرى تابعة لجيش الأسد أثناء توجهم نحو حقل العمر النفطي بريف دير الزور.
وخلال البحث العكسي الذي أجرته منصة تأكد عن التسجيل المشار إليه، تبين أنه منشور على موقع يوتيوب منذ تاريخ 06/09/2015.

ومن المتوقع أن القتلى الذين ظهروا خلال التسجيل سقطوا نتيجة الاقتتال الذي حصل بين القوات الأوكرانية وقوات وصفتها الحكومة آنذاك بـ ""الإنفصالية"" والموالية لروسيا، شرق أوكرانيا منتصف العام 2014.



",السبت 17 شباط 2018,Politics
الحرم المكي لم يشهد تفجيراً انتحارياً أو حادثة انتحار,fake,تضليل,"
تداولت صفحات وحسابات شخصية على مواقع التواصل الاجتماعي مؤخراً، تسجيلاً مُصوراً يظهر تجمع عدد من عناصر الأمن السعودي ومُصلين أمام الكعبة في الحرم المكي حول بقعة دماء.

وتضاربت الروايات التي أرفقها ناشرو التسجيل حول الدماء التي ظهرت خلاله، حيث قال بعضهم إنها دماء امرأة انتحرت في ذلك المكان، وآخرون قالوا إن تفجيراً انتحارياً وقع في الحرم.

تود تأكد أن تلفت عناية المتابعين إلى أن الناطق الرسمي للقوة الخاصة لأمن المسجد الحرام الرائد سامح السلمي، كشف في تصريحات لوسائل الإعلام أمس أن التسجيل المتداول يعود تاريخ تصويره إلى وقت سابق، حين تعرض أحد الحجاج وهو من جنسية أفريقية لاصابة في الساق نتيجة انزلاق قدمه أثناء الطواف وتم نقله حينها إلى مستشفى أجياد في حينه ليتلقى العلاج اللازم، موضحاً أن الحادث لم يتسبب به أحد.




",الأحد 01 تشرين أول 2017,Politics
وفد الأمم المتحدة الذي دخل داريا لم يدخل معه أي مساعدات,fake,تضليل,"
تداول ناشطون على مواقع التواصل الاجتماعي أمس، صورة قالوا إنها لمساعدات أدخلها وفد الأمم المتحدة الذي دخل إلى مدينة ""داريا"" يوم أمس السبت برئاسة ممثلة المبعوث الدولي إلى سوريا ""ستيفان ديمستورا"".
وقامت تأكد بالتحقق من صحة الصورة ومصدرها، وذلك من خلال التواصل مع ناشطين في مدينة ""داريا"" لسؤالهم عن طبيعة المساعدات التي قام الوفد بادخالها خلال زيارته أمس، وقد أكدوا بدورهم أن الوفد دخل المدينة دون أن يُدخل معه أي مساعدات إنسانية، وأشار مسؤولو المجلس إلى أن زيارة الوفد الأممي أمس هي الأولى من نوعها منذ بدء الحصار الذي تفرضه قوات الأسد على المدينة منذ شهر حزيران من العام 2012، مؤكدين أنه لم تدخل المدينة أي مساعدات إنسانية منذ ذلك الوقت.
في حين قال ناشطون أن الصورة المتداولة مصدرها الغوطة الشرقية.

كما نشرت الصفحة الرسمية لـ ""المجلس المحلي لمدينة داريا"" أمس، منشوراً أكدت فيه أن الوفد الأممي الذي دخل المدينة لم يُدخل معه أي مساعدات إنسانية للمدينة المحاصرة منذ قرابة أربعة أعوام.
تأكد .. لأن الخبر أمانة





",الأحد 17 نيسان 2016,Politics
المقطع قديم وليس لظهور برق كبير قبل الزلزال في المغرب,fake,نظرية-المؤامرة,"
",الأحد 10 أيلول 2023,Politics
ادعاء القيادي في (العدالة والتنمية) حول أصول (بايدن) الكردية ليس صحيحاً,fake,نظرية-المؤامرة,"
",الأحد 24 كانون ثاني 2021,Politics
هل أعلن أردوغان رغبته باحتلال اليمن في خطاب مسجّل؟,fake,نظرية-المؤامرة,"
",السبت 25 تموز 2020,Politics
ما حقيقة تسبب لقاحات كورونا بأمراض في القلب وتلف بالأعصاب؟,fake,كذب-باسم-العلم,"
",الخميس 22 شباط 2024,Politics
ما حقيقة إصابة 4 أشخاص بالشلل بسبب لقاح فيروس كورونا؟,fake,كذب-باسم-العلم,"
",الأربعاء 23 كانون أول 2020,Politics
هذه الصورة ليست للضابط الإيراني الذي قتل بغارة على محيط بانياس مؤخراً,fake,خطأ,"
",السبت 02 آذار 2024,Politics
"هذان الطفلان ليسا من ضحايا الهجوم الصاروخي على ""الباب"" بريف حلب",fake,خطأ,"
",الأحد 21 آب 2022,Politics
هل منفذ عملية التفجير في مدينة ليفربول البريطانية سوري الجنسية؟,fake,خطأ,"
",الخميس 18 تشرين ثاني 2021,Politics
ما حقيقة انقراض وحيد القرن الأبيض الشمالي؟,fake,خطأ,"
",الأحد 06 حزيران 2021,Politics
ترامب لم يصب بفيروس كورونا بسبب هذه القبلة,fake,خطأ,"
",الجمعة 09 تشرين أول 2020,Politics
هل صادفت هذه (الفيديوهات) مؤخراً؟ انتبه فلا علاقة لها باغتيال قاسم سليماني,fake,خطأ,"
انتشرت خلال اليومين الماضيين على مواقع التواصل الاجتماعي عشرات الأخبار والصور والتسجيلات المصورة التي تناولت مقتل قاسم سليماني زعيم (فيلق القدس) التابع لـ(الحرس الثوري الإيراني)، لكن العديد من المواد المضللة نُسبت للحدث، على الرغم من عدم صلتها به.
ومن بين تلك المواد، انتشر تسجيل مصور ليلاً، بدا أنه يظهر تعرض منطقة ما للاستهداف بأسلحة رشاشة، وقال مروجوه إنه يصوّر لحظة استهداف القوات الأمريكية لقاسم سليماني، ولاقى التسجيل رواجاً واسعاً، حيث حصل على مئات المشاركات والتفاعلات، ومن بين الناشرين كان حساب (إيدي كوهين) وهو إعلامي (إسرائيلي) يغرد باللغة العربية على موقع (تويتر).

كذلك انتشر تسجيل مصور من طائرة مسيرة، يظهر استهدافاً جوياً لعربةٍ تتحرك على طريق مستقيم، وقال ناشرو التسجيل إنه يصوّر عملية استهداف قاسم سليماني، ولاقى هذا التسجيل أيضاً رواجاً واسعاً ونال مئات التفاعلات والتعليقات على موقع (فيسبوك).
فريق (تأكد) تابع التسجيل وبحث عن أصله، وتبيّن أنه انتشر على موقع يوتيوب قبل أكثر من أربعة أعوام، وذكر أحد ناشريه آنذاك أنه يصوّر الدعم الجوي الذي قدمه سلاح الجو الملكي البريطاني للوحدات العسكرية العراقية في محافظة الأنبار، من خلال تتبع سيارة تقل عناصر من تنظيم (داعش)، ثم استهدافها بصواريخ (هيلفاير). وذكر ناشر التسجيل أن مصدر الفيديو هو وزارة الدفاع البريطانية.

تسجيل آخر مصور من طائرة مسيرة، يظهر استهدافاً جوياً لسيارة (بيك آب) خلال تحركها قرب مبنى، قبل أن تتابع النيران استهداف عناصر تمكنوا بدا أنهم نجوا من استهداف السيارة، وقال ناشرو التسجيل إنه يظهر عملية استهداف سيارة قاسم سليماني قرب بغداد.
وبحث فريق (تأكد) عن أصل ذلك التسجيل، ليتبيّن أنه سبق وانتشر قبل نحو عشر سنوات على موقع (يوتيوب) تحت عنوان (صاروخ هيلفاير ضد عربة)، دون إضافة أي معلومات أخرى. ولم يتسنّ لفريق (تأكد) التحقق من مكان التسجيل وتوقيته الدقيقين، إلا أن نشره قبل عشر سنوات، ينفي صلته كلياً بعملية استهداف قاسم سليماني التي جرت قبل يومين.

وانتشر تسجيل مصور آخر لعملية استهداف جسم متحرك على الأرض، ولاقى ترويجاً كثيفاً على أنه يصوّر عملية اغتيال قاسم سليماني، لكن تبيّن بعد البحث أن التسجيل قديم، وقد نشره موقع روسي في عام 2012، ولم يتسنّ لفريق (تأكد) التحقّق من مكان وزمان تصوير الفيديو.
ورصدت منصة (تأكد) تسجيلين مصورين، يظهر أحدهما لحظة تنفيذ عملية اغتيال (سليماني) حسب قناة (غارديان نيوز) على يوتيوب التابعة لصحيفة (الغارديان) البريطانية، والتي نقلته عن تلفزيون العهد العراقي، فيما يظهر الآخر موقع العملية بعد تنفيذ الاغتيال.





",الأحد 05 كانون ثاني 2020,Politics
توضيح بخصوص صور لضحايا البرد في لبنان,fake,خطأ,"
تداول ناشطون على مواقع التواصل الاجتماعي مؤخراً صوراً مرتبطة بالعاصفة الثلجية ""نورما"" والتي ضربت مناطق لبنانية حدودية مع سوريا، تضم مخيمات للاجئين السوريين والذين كانوا أكبر المتضررين من العاصفة.

بعض الصور التي يجري نشرها على مواقع التواصل الاجتماعي لم تكن مرتبطة بالعاصفة الثلجية التي تسببت بحسب مكتب مفوضية اللاجئين في عكار بتدمير 15 خيمة من بين 66 تضررت بشكل كامل.
تود منصة تأكد أن تلفت عناية المتابعين إلى أن الصورتين المشار إليهما مرتبطين بحادثة وفاة عائلة سورية أثناء محاولتها العبور بين الحدود السورية اللبنانية، حيث أعلن الجيش اللبناني منتصف شهر كانون الثاني/ يناير 2018 عن مقتل أكثر من 9 سوريين بسبب شدة البرد والثلوج وذلك أثناء محاولتهم الدخول إلى لبنان عبر طرق التهريب.

ونقلت الوكالة الوطنية للأنباء اللبنانية حينها عن الجيش اللبناني أنه تم العثور على جثث لتسعة سوريين بينهم أطفال ونساء متجمدة حتى الموت في الثلوج في جرود منطقة “الصويري – المصنع” على الحدود اللبنانية السورية بينما تم نقل 6 أشخاص آخرين إلى المستشفى قبل أن يفارق أحدهم الحياة.
ويعيش اللاجئون السوريون في المخيمات الواقعة قرب الحدود السورية اللبنانية ظروفاً إنسانية صعبة نتيجة انخفاض درجات الحرارة وتساقط الثلوج، ما دفع ناشطون على مواقع التواصل الاجتماعي إلى إطلاق حملات ومبادرات تطوعية لتأمين مستلزمات التدفئة لهم ونقل بعضهم إلى مراكز إيواء مؤقتة.




",السبت 12 كانون ثاني 2019,Politics
الشرطة التي سرقت المحال التجارية في هذا التسجيل ليست إيرانية,fake,خطأ,"
تداولت صفحات إخبارية وحسابات شخصية على مواقع التواصل الاجتماعي أمس، تسجيلاً مصوراً يظهر مجموعة رجال يرتدون زي الشرطة كانوا يسرقون محتويات أحد المحال التجارية.
وقال ناشرو التسجيل المُصور بواسطة كاميرات مراقبة مثبته في المحل الذي تعرض للسرقة، إن الرجال الذين يظهرون خلال التسجيل يتبعون لعناصر شرطة مكافحة الشغب الإيرانية.
وخلال بحث عكسي أجرته منصة تأكد عن التسجيل المشار إليه، تبين أنه مصدره العاصمة المكسيكية ""Messico""، والذي أثار ضجة في البلاد بعد أن عرضت قنوات تلفزيونية التسجيل المشار إليه والذي يظهر عناصر من الشرطة المكسيكية يسرقون عدة محال تجارية أثناء تنفيذ عملية في أحد أسواق البلاد بتاريخ 26/12/2017.
وقالت السلطات المكسيكية بعد ذلك على لسان المديرة العامة للشؤون الداخلية في الأمانة العامة للأمن العام، إنها تلقت رسائل على تويتر وعن طريق البريد الإلكتروني تتضمن شكاوي وتقارير عن ""الأداء غير المناسب لعناصر الشرطة""، أثناء العملية التي نفذتها بذلك اليوم.
وأشارت السلطات المكسيكية إلى أنها ستنظر في فرض عقوبات على المتورطين بـ""الجرائم المرتكبة""، ويمكن أن تتراوح عقوباتهم بين التصويبات التأديبية والفصل من خلال مجلس الشرف والعدالة في شرطة العاصمة.




",الثلاثاء 02 كانون ثاني 2018,Politics
هذا الفيديو لا علاقه له بقيادة المرأة للسيارة في السعودية,fake,خطأ,"
تداولت صفحات وحسابات شخصية على وسائل التواصل الاجتماعي شريط فيديو على ""يوتيوب"" يظهر حشداً من رجال يهجمون على سيارة سوداء بينما يتعالى صراخ نساء.

الفيديو المنشور بدقة ضعيفة (144P) قال ناشروه إنه لهجوم شباب على نساء، وانزالهن عنوة من السيارة، فيما وصفوه بانفلات أمني في السعودية بعد قرار السلطات بالسماح للمرأة بقيادة السيارة.

وخلال بحث أجرته تأكد تبين أن الفيديو منشور بدقة جيدة (480P) على ""يوتيوب"" بتاريخ تشرين الأول/أكتوبر 2014، وقال ناشرو الفيديو في الشرح المرفق: ""شاب مبتز يحمل سلاحاً نارياً يطارد فتاه، داخل أحد المولات الشهيرة بالرياض فتم القبض عليه"".



وتشير تأكد أنها لا تستطيع معرفة حقيقة الفيديو، إلا أن وجوده على الإنترنت منذ العام 2014 ينفي أن يكون من تبعات قرار السلطات السعودية السماح للمرأة بقيادة السيارة.



",الجمعة 06 تشرين أول 2017,Politics
"صورة قديمة تنتشر مؤخّراً على أنها ""مضادات طائرات"" تم تسليمها لفصائل المعارضة",fake,خطأ,"
انتشرت صورة لسبعة أشخاص يرتدي ثلاثة منهم ملابس عسكرية يحملون على أكتافهم صواريخ تبدو أنها صواريخ مضادة للطائرات.
وقال ناشرو الصورة إن الصواريخ الظاهرة فيها سُلّمت للمعارضة المسلحة في سوريا مؤخراً، و فسّرها ناشطون على صفحاتهم الشخصية على أنها السبب الذي دفع الطيران الروسي للانسحاب من سوريا.
و بدورها بحثت تأكد عن مصدر الصورة وتاريخ نشرها، و تبين أنها نشرت لأول مرة عام 2013، و قال ناشرو الصورة في ذلك الوقت إنها تعود لفصائل شمال مدينة حلب حينها، حيث لم يكن التدخل الروسي معلناً في ذلك الحين.
تأكد .. لأن الخبر أمانة



",الثلاثاء 19 نيسان 2016,Politics
هل رفضت رئيسة البرلمان الفرنسي الوقوف دقيقة صمت على أرواح المهاجرين؟,fake,انحياز,"
",الجمعة 23 حزيران 2023,Politics
السيف الذي قبله رئيس وزراء مولدوفا في هذه الصورة ليس لـ(سليمان القانوني),fake,انحياز,"
",الجمعة 27 تشرين ثاني 2020,Politics
هذه الراجمات لم تقصف مواقع قوات الأسد بريف حماة,fake,انحياز,"
نشرت صفحات وحسابات إخبارية على مواقع التواصل الاجتماعي اليوم تسجيلاً مصوراً، يظهر راجمات صواريخ متمركزة في منطقة جبلية وترمي بكثافة.

وقال ناشرو التسجيل، إن الراجمات التي تظهر بالتسجيل تابعة لفصائل المعارضة السورية المسلحة، وإنها تستهدف مواقع لقوات الأسد بريف حماة رداً على قصف الأخيرة مناطق بريف إدلب، والذي تسبب بسقوط قتلى وجرحى في صفوف المدنيين.


وخلال بحث عكسي أجرته منصة تأكد عن التسجيل، تبين أنه منشور على موقع يوتيوب منذ تاريخ 20/11/2012 تحت عنوان ""قصف عنيف من راجمات الصوايخ تستهدف مدينة داريا"".
وتتعرض مناطق بريف إدلب وحماة مؤخراً لقصف عنيف، أدى إلى مقتل 23 مدنياً على الأقل في مدن خان شيخون ومعرة النعمان وقلعة المضيق.




",السبت 16 شباط 2019,Politics
فيديو صناديق الأموال بشعار الصليب الأحمر ليس في سوريا,fake,انحياز,"
تداولت حسابات شخصية وصفحات إخبارية موالية لنظام بشار الأسد تسجيلاً مصوراً، يظهر صناديق معدنية مليئة بالأموال، تحمل شعار منظمة الصليب الأحمر الدولي ICRC.
الحسابات التي نشرت التسجيل قالت إن الأموال ارسلتها تركيا إلى ""إرهابيي داعش والنصرة في سوريا"" عبر شاحنات تابعة للصليب الأحمر.
وخلال تحليل منصة ""تأكد"" لشريط الفيديو المشار إليه، يظهر في الثانية 1:24 ورقة على أحد الصناديق مكتوب عليها:"" الجماهيرية العربية الليبية الشعبية الاشتراكية العظمى .. طرابلس .. بتاريخ 25/7/2011"".
وخلال البحث تبين أن شريط الفيديو قديم، نشرته عدة حسابات على مواقع التواصل الاجتماعي على أنه من دول مختلفة.
بينما نشر موقع Global News تقريراً حول اختفاء ""مليارات الدولارات"" الليبية بعد مقتل معمر القذافي، وبحسب الموقع فإن محققين من الأمم المتحدة كشفوا عن كمية كبيرة من النقود والذهب خُبأت في بلدان غرب أفريقيا.
وأوضح الموقع أن صور الصناديق مأخوذة في مستودع قرب مدينة اكرا، عاصمة غانا، أواخر العام 2011 وتحتوي الصناديق على نقود تم تهريبها بعد سقوط نظام معمر القذافي.



",الثلاثاء 16 كانون ثاني 2018,Politics
هذا الفيديو ليس من غزة وإنما من قصف النظام السوري على إدلب,fake,تلاعب-بالحقائق,"
",,Politics
هذه الحافلة التي تعرضت لحادث انقلاب لم تكن تقودها امرأة,fake,تلاعب-بالحقائق,"
",الاثنين 19 نيسان 2021,Politics
"هذا الفيديو ليس لنساء ""إسرائيليات"" ترحبن بسيّاح قطريين في تل أبيب",fake,تلاعب-بالحقائق,"
",الاثنين 24 آب 2020,Politics
هل كان الاعتداء بسبب الحجاب ضد فتاتين عربيتين؟,fake,تلاعب-بالحقائق,"
تداولت مواقع وصفحات إخبارية وحسابات شخصية على مواقع التواصل الاجتماعي مؤخراً، تسجيلاً مصوراً يظهر امرأة تحاول نزع حجاب فتاتين في الشارع.
وقال ناشرو التسجيل، إنه يظهر ""اعتداء سيدة تركية عنصرية على فتاتين عربيتين بسبب الحجاب، وحاولت نزع حجابهما، وقالت لهن هذه هي جمهورية تركيا لا يمكنكم أن تعيشوا هنا بهذا الشكل"".
منصة تأكد توضح أن الفتاتين المعتدى عليهما هما تركيتان وليستا عربيتان، والحادثة وقعت يوم الأربعاء الفائت في بلدية ""شوكورفا"" التابعة لولاية أضنة، حيث أقدمت امرأة على مهاجمة الفتاتين ""ياران ديمير"" و ""سمية أوزتكين""، لأنهما محجبتين، موجهة إليهما كلاماً بذيئاً، بحسب ما صرحت إحدى الفتاتين لوكالة إخلاص.
وبحسب وسائل إعلام تركية، ألقت الشرطة التركية القبض على المرأة التي اعتدت على الفتاتين في منزلها الكائن في بلدية ""سايهان"" في أضنة تمهيداً للتحقيق معها وتقديمها للمحاكمة.




",الأحد 31 آذار 2019,Politics
هذه لطفلة ليست ناجية من تحطم الطائرة الأندونيسية,fake,تلاعب-بالحقائق,"
انتشرت على مواقع التواصل الاجتماعي صورة لطفلة قيل إنها الناجية الوحيدة من حادثة الطائرة الأندونيسية التي تحطمت يوم الإثنين الفائت، خلال رحلة قصيرة من العاصمة الإندونيسية جاكرتا إلى بانكال بينانج.
وظهرت في الصورة طفلة بدت بالفعل وكأنها في حالة صدمة، ويحيط بها عدة أشخاص بينهم واحد يرتدي زياً عسكرياً.
تود منصة تأكد أن تشير إلى أن الصورة لا علاقة لها بحادثة سقوط الطائرة الأندونسية التي حصلت مؤخراً، وقد رصد فريق ""تأكد"" ذات الصورة منشورة في شهر تموز الفائت، وقالت بعض المواقع الإخبارية الأندونيسية إن الصورة تعود إلى طفلة تدعى ""ليستاري مايو"" وقد نجت من غرق مركب كان يبحر بين منطقتي ""بيرا"" و ""باماتاتا"".
وتعتبر الطائرات وسيلة نقل أساسية داخل أندونيسيا التي تتكون من ما يزيد على 17 ألف جزيرة بينها نحو 930 جزيرة مأهولة بالسكان.




",السبت 03 تشرين ثاني 2018,Politics
هل يظهر هذا الفيديو رجلا يقوم بشتم كلاوس شواب والنظام العالمي الجديد في اجتماع دافوس 2024,fake,سخرية,"
",الأربعاء 17 كانون ثاني 2024,Politics
الرجل الذي يصفع الناس ليس وزير الصحة الباكستاني ولا الهندي,fake,سخرية,"
",السبت 05 أيلول 2020,Politics
الفيديو قديم وليس لبث مشترك بين قناة إماراتية وأخرى إسرائيلية وتلفزيون البحرين بالتزامن مع الحرب على غزة,fake,خارج-السياق,"
",السبت 16 آذار 2024,Politics
اللقطات التي تظهر توزيع المساعدات على السوريين بشرط شتم السعودية قديمة,fake,خارج-السياق,"
",السبت 18 شباط 2023,Politics
هل تظهر الصورة أطفالاً يحيون الجيش الأوكراني خلال ذهابهم لصد الغزو الروسي؟,fake,خارج-السياق,"
",السبت 26 شباط 2022,Politics
رد وزير الداخلية التركي على مطالب طرد السوريين من بلاده يعود للعام 2019,fake,خارج-السياق,"
",الأربعاء 11 آب 2021,Politics
هذا التسجيل لا يصوّر اعتداء الشرطة الفرنسية على عائلة مسلمة تركية,fake,خارج-السياق,"
",الأحد 08 تشرين ثاني 2020,Politics
هذه الصورة قديمة ولا علاقة لها بجائحة (كورونا),fake,خارج-السياق,"
انتشرت مؤخراً على مواقع التواصل الاجتماعي (فيسبوك وتويتر) صورة تظهر سيدة تحتضن طفلاً، وذكر ناشرو الصورة أن الأم مصابة بفيروس (كورونا - كوفيد 19) وأن طفلها مصاب بالسرطان وهو بين الحياة والموت.
حساب على موقع (فيسبوك) يحمل اسم (محمود حافظ) نشر الصورة صباح الجمعة 24 نيسان/أبريل مرفقاً إياها بتعليق جاء فيه: ""الام مريضه بالكورونا، والطفل مريض بالسرطان، هو بين الحياة و الموت ولم يبقى له إلا الله،إنتهت مهمة الأطباء و بقيت دعواتكم لهم، اللهم حرم النار عن جسد كل من أعاد إرسالها في مجموعة واحدة فقط ليدعي له الجميع"". وحاز المنشور على أكثر من 65 ألف مشاركة خلال ٢٤ ساعة وما يزيد على 40 ألف تفاعل، إضافة إلى أكثر من 80 ألف تعليق معظمها يدعو بالشفاء للسيدة ولطفلها.
الصورة ذاتها مرفقةً بالتعليق ذاته، نشرتها أيضاً عشرات الحسابات، بينهم حساب على (تويتر) يحمل اسم (القنصل المصري) وكذلك حساب على فيسبوك يحمل اسم (وردة).
الصورة قديمة ولا صلة لها بجائحة فيروس (كورونا - كوفيد 19)
فريق (تأكد) بحث عن أصل الصورة، مستعيناً بتقنية البحث العكسي التي يوفرها موقع (TinEye)، وأظهرت نتائج البحث المرتبة من الأقدم إلى الأحدث أن الصورة نُشرت لأول مرة بتاريخ 15 شباط/فبراير 2013 على موقع (magnum photos) وهو موقع عالمي متخصص ببيع الصور، وتظهر الصورة في الموقع مرفقةً بوصف ورد فيه: ""رضيع داخل حجرة 'لتدفق الصفائحي للهواء' (LAF) للحماية من العدوى بعد تعرضه للأشعة قبل إجراء عملية زراعة نخاع العظم - سياتل، واشنطن، الولايات المتحدة الأمريكية عام 1985"" و(بورت غلين) هو المصور الذي التقط الصورة، وقد توفي عام 2008.
ولم يتسنّ لـ(تأكد) الحصول على معلومات حول الحالة الصحية للسيدة الظاهرة في الصورة، لكن التاريخ القديم للصورة، ينفي علاقتها بفيروس (كورونا) الذي بدأ ينتشر مطلع العام الجاري.
ورافق جائحة فيروس (كورونا - كوفيد 19) انتشار أخبار مضللة وصور وتسجيلات مصورة قديمة لكنها منسوبة حديثاً لأزمة فايروس كورونا، ومن بين تلك الأخبار، ادعاء قناة العربية بأن مطار (أتاتورك) في تركيا أغلق بسبب جائحة (كورونا)، وإشاعة أفادت بانتحار رجل أعمال إيطالي بعد أصابة أفراد عائلته بالفيروس، ويمكن الاطلاع على جميع المواد المضللة التي رصدها فريق (تأكد) حول (كورونا) بالضغط على الكلمة المفتاحية كورونا




",السبت 25 نيسان 2020,Politics
ماكرون لم يرتد سترة صفراء اعتذاراً للمحتجين، ولم يتلقَّ بيضة في رأسه مؤخراً,fake,خارج-السياق,"
انتشرت على مواقع التواصل الاجتماعي صورة للرئيس الفرنسي إيمانويل ماكرون مرتدياً سترة صفراء، كما تداولت حسابات وصفحات تسجيلاً مصوراً يظهر قذف ماكرون ببيضة خلال حديثه مع شخص أمام الكاميرا.

وقالت بعض الحسابات التي نشرت صورة ماكرون بالسترة الصفراء، إن ماكرون أراد الاعتذار من مناهضيه الذين عُرفوا مؤخراً بارتداء ستر صفراء، فارتدى سترة تشبه تلك التي يرتدونها معارضوه، وبالتزامن مع ذلك انتشر التسجيل المصور الذي يظهر تلقي ماكرون بيضة في رأسه خلال حديثه مع شخص بجانب الكاميرا.
وبعد بحث أجرته تأكد عن الصورة، تبين انها ملتقطة للرئيس الفرنسي إيمانويل ماكرون في تشرين الاول/ أكتوبر من العام الماضي 2017 خلال زيارته لمعمل تابع لشركة ""ويربول"" لصناعة الأدوات الكهربائية المنزلية.
أما حادثة تلقي ماكرون لبيضة في رأسه، فقد حصلت في آذار من العام 2017 خلال جولة كان يقوم بها ماكرون في معرض زراعي بالعاصمة الفرنسية باريس، قبل أن يصبح رئيساً لفرنسا.
وتشهد باريس مؤخراً احتجاجات واسعة ضد رفع أسعار الوقود في البلاد، وارتفع صوت المحتجين في الأيام الأخيرة أيضاً ضد غلاء المعيشة في فرنسا، وطالب محتجون أيضاً برحيل الرئيس الفرنسي إيمانويل ماكرون.




",الأربعاء 05 كانون أول 2018,Politics
"التسجيل المتداول لمتظاهرين إيرانيين يرفعون ""علم الثورة"" منشور منذ 7 سنوات",fake,خارج-السياق,"
تداولت صفحات ومجموعات إخبارية وحسابات شخصية على مواقع التواصل الاجتماعي مؤخراً، تسجيلاً مصوراً يظهر أشخاصاً يرفعون علم الثورة السورية، فيما أحرق آخرون صورة رأس النظام السوري، بشار الأسد.
وقال ناشرو التسجيل، إن المقطع حديث التصوير وأن المشاركين في الاحتجاجات التي انطلقت في ايران قبل نحو اسبوع ضد النظام الإيراني هم من قاموا برفع العلم وأحرقوا الصورة.
وخلال بحث عكسي أجرته منصة تأكد عن التسجيل المشار إليه، تبين أنه منشور على موقع ""يوتيوب"" منذ تاريخ 11/12/2011 تحت عنوان ""طهران :حرق صورة بشار ورفع علم الثورة السورية"".

ولم يتسن لـ ""تأكد"" التحقق من صحة التسجيل ومكان التقاطه، إلا أن وجوده على شبكة الانترنت منذ نحو 7 سنوات يؤكد أن التسجيل لا يتعلق بالمظاهرات المستمرة في عدة مدن إيرانية منذ نحو اسبوع.



",الأربعاء 03 كانون ثاني 2018,Politics
"هذا الرجل قيادي في ""أحرار الشام"" وليس ناطق باسم تنظيم ""الدولة""",fake,خارج-السياق,"
نشر موقع ""اليمن اليوم"" وناشطون على مواقع التواصل الاجتماعي صورة قالوا إنها للمتحدث الرسمي الجديد أبو الحسن المهاجر، الذي أعلن تنظيم ""الدولة الإسلامية"" تعيينه بشكل رسمي بعد مقتل المتحدث الرسمي السابق أبو محمد العدناني.
تود تأكد أن تلفت عناية المتابعين إلى أن الشخص الذي يظهر بالصورة المرفقة ليست للمتحدث الرسمي الجديد باسم تنظيم ""الدولة الإسلامية"" وإنما هو القيادي في حركة أحرار الشام الإسلامية ومستشار رئيس الجناح السياسي في الحركة ""إياد شعار"" المعروف بلقب ""أبو الحسن المهاجر"".




",الاثنين 05 كانون أول 2016,Politics
التسجيل المتداول لأسرى جيش الأسد في العيس يعود تاريخه لثلاث سنوات,fake,خارج-السياق,"
تداول ناشطون على مواقع التواصل الاجتماعي اليوم، تسجيلاً مُصوراً يُظهر مجموعة من الأسرى الذين قالوا بأن الفصائل المقاتلة في ريف حلب الجنوبي تمكنت اليوم من أسرهم أثناء المعارك التي دارت بينها وبين قوات الأسد والميليشيات الطائفية المساندة لها.
وقامت تَأكّدْ بالتحقق من صحة التسجيل، وتبين أنه قديم ويعود تاريخه لحوالي ثلاث سنوات، حين تمكنت الفصائل المقاتلة في ريف حلب الغربي حينها من أسر عددٍ من مقاتلي نظام الأسد.
يذكر أن مصادر ميدانية نفت لـ تَأكّدْ الأنباء التي تحدثت عن أسر مجموعة من قوات الأسد وميليشياتها اليوم، مؤكدة أن الثوار تمكنوا من أسر عنصرٍ واحد فقط خلال معارك ريف حلب الجنوبي ، مُشيرة إلى أن الأسير يحمل الجنسية اللبنانية.
رابط التسجيل الحقيقي : https://goo.gl/Gb8LiS
تَأكّدْ .. لأن الخبر أمانة



",الأحد 10 نيسان 2016,Politics
هل أطلق الأتراك موقعا إلكترونيا للتحريض على قتل السوريين؟,fake,غير-مؤكد,"
",الأحد 20 آب 2023,Politics
ما حقيقة ادعاء الحجز على أموال أحمد حسون؟,fake,غير-مؤكد,"
",الأحد 17 كانون ثاني 2021,Politics
هذه الآليات العسكرية التركية لم تدخل سوريا,fake,غير-مؤكد,"
تداولت مواقع وصفحات إخبارية وحسابات شخصية على مواقع التواصل الاجتماعي اليوم، صوراً لآليات حفر وجرفات عسكرية تركية لحظة دخولها من بوابة معبر "" جلوة غوزو"" في مدينة الريحانية التركية.
وقال ناشرو الصور، إن الآليات دخلت إلى إدلب عبر معبر ""باب الهوى"" الواقع بالطرف السوري قرب الحدود مع تركيا.
مراسل تأكد في ريف إدلب، نفى دخول أي آلية عسكرية إلى الجانب السوري حتى الساعة، مؤكداً أن الآليات التي جرى تداول صورها لا تزال في الجانب التركي بمعبر ""جلوة غوزو"" المقابل لمعبر ""باب الهوى"" الحدودي.
وأشار المراسل إلى أن حركة عبور الشاحنات التجارية والإغاثية مستمرة في المعبر اليوم، في الوقت الذي يشهد المعبر عودة مئات السوريين إلى تركيا ممن استفادوا من إجازة الأعياد التي منحتها السلطات التركية للسوريين المقيمين على أراضيها.




",الخميس 21 أيلول 2017,Politics
"هل علّق حزب الله صورة زعيمه بموقع مقتل العاروري وكتب عليها ""فداء لنعليك""؟",real,مؤكد,"
التفاصيل
ورد إلى منصة (تأكد) طلبات تحقق حول حقيقة تعليق صورة لزعيم حزب الله اللبناني المدعوم من إيران، حسن نصر الله على موقع استهداف نائب رئيس مكتب حركة حماس السياسي، صالح العاروري، وعدد من قيادات الحركة الفلسطينية في لبنان.
ورصدت المنصة تشكيك وتساؤلات عديدة حول صحة الصورة، وبناء على ذلك أجرى فريق منصة (تأكد) بحثاً عكسياً ومتقدماً حول صحة تعليق الصورة والعبارة المرفقة بها فتبين أنها مؤكدة.
حيث أظهرت النتائج أنّ الصورة صحيحة، وتوصل فريق التحقق إلى مقطع مصور يظهر بوضوح العبارة المشار إليها قبل قيام عدد من أنصار حزب الله اللبناني بقص العبارة والإبقاء على الصورة معلقة حتى لحظة إعداد هذه المادة.
وتداول مقربون من حزب الله اللبناني، منشورات تزعم أن الصورة معدلة رقمياً في محاولة نفي ورود العبارة فتبين أنها ملتقطة بعد قص العبارة وإعادة تصويرها، ويتضح تغيير مقاس وأقطار حجم الصورة بعد القص.
أعلنت حركة المقاومة الإسلامية حماس، الثلاثاء 2 كانون الثاني/ يناير 2024، عن انفجار استهدف الضاحية الجنوبية في العاصمة اللبنانية بيروت، ضمن عملية اغتيال طالت الشيخ صالح محمد العاروري الملقّب بـ أبي محمّد وعدداً من قادة القسام وكوادر حماس.
ونقلت صحيفة ""واشنطن بوست"" عن مسؤول دفاعي أميركي أن إسرائيل هي المسؤولة عن عملية الاغتيال. من جهته، قال ديوان رئاسة الوزراء الإسرائيلية إن بنيامين نتنياهو طالب وزراء حكومته بعدم التعليق على اغتيال العاروري.
وبثت قناة الجزيرة في الثاني من كانون الثاني/ يناير الجاري، مشاهد قالت إنها من اللحظات الأولى لعملية اغتيال القيادي صالح العاروري في الضاحية الجنوبية ببيروت، وذكرت القناة أن الهجوم سبب انفجارين أحدهما استهدف مكتب الحركة والآخر بالسيارات أسفله.
وكانت أطلقت كتائب عز الدين القسام الجناح العسكري لحركة ""حماس"" الفلسطينية معركة تحت مسمى ""طوفان الأقصى"" حيث شنت هجوماً مفاجئاً ضد مواقع ومستوطنات تابعة لجيش الاحتلال الإسرائيلي، يوم السبت 7 تشرين الأول/ أكتوبر 2023، ورد الأخير بشن معركة ""السيوف الحديدية""، وذكرت الفصائل فلسطينية إن عملية ""طوفان الأقصى""، جاءت ردا على ""اعتداءات القوات والمستوطنين الإسرائيليين المتواصلة بحق الشعب الفلسطيني وممتلكاته ومقدساته، ولا سيما المسجد الأقصى في القدس الشرقية المحتلة"".



",الاثنين 08 كانون ثاني 2024,Politics
الصورة التي تظهر تعرض مجدي نعمة (إسلام علوش) للاعتداء والضرب صحيحة وهذا مصدرها,real,مؤكد,"
",الاثنين 01 آذار 2021,Politics
